user_id	cond	training	smse
3.0	2	b	0.5391020457345677
5.0	1	a	-0.7163997580105783
6.0	2	a	-0.0751394919344493
15.0	4	b	-0.019119112469584844
19.0	2	a	0.3009346589319076
22.0	2	a	-0.2710629107559522
23.0	2	b	0.5663147601957953
25.0	1	b	-0.05847231285168807
33.0	1	b	0.7727103889916257
35.0	4	a	0.20610984316269296
36.0	1	b	0.21274080908575246
41.0	2	b	-0.08610606972259972
43.0	1	a	0.21107796162901188
47.0	2	a	-0.14474999663244528
51.0	2	a	0.48418366850922695
52.0	2	a	0.02563254679842092
55.0	4	a	-0.38931988120857663
59.0	4	a	-0.040102087853854114
63.0	4	b	0.18946836373846762
65.0	2	c	-0.10314284925226007
82.0	2	a	-0.026636572670144548
83.0	2	c	0.4986558790595164
85.0	2	c	-0.004301086686083361
87.0	1	b	-0.11812507686785803
92.0	4	a	0.1395107027873778
93.0	1	a	0.18448386182538581
96.0	1	c	0.41213332743048675
105.0	1	a	-0.7174095797637772
107.0	1	a	-0.3697158743546138
112.0	1	b	0.8208650691220064
114.0	4	b	2.906712324956183
116.0	4	a	-0.13219073866507694
121.0	2	a	0.27121732930129405
125.0	1	a	-0.31743718657585357
128.0	1	a	0.16373192695504726
131.0	2	a	0.10988169659701827
137.0	1	b	-0.3740700316759163
139.0	4	c	0.35830296757804103
142.0	4	c	-0.6080403653738435
144.0	4	b	-0.5013361542443838
146.0	2	c	-0.2544978458678668
148.0	4	a	0.15896777914721583
149.0	1	c	-0.24670170091608057
150.0	4	a	0.36277879418069536
157.0	1	c	0.951956397148146
168.0	1	a	0.4997908755481063
173.0	2	c	0.28193621423289955
174.0	1	b	0.038730750529867713
178.0	4	b	-0.2348812507957626
181.0	1	a	-0.09631391031382064
182.0	2	a	-0.18311863637704154
186.0	1	c	0.8561402460170849
202.0	2	c	-0.07834180040658228
214.0	2	a	0.29987156469381593
215.0	2	b	-0.24046916140586816
218.0	4	a	-0.2996704266929367
225.0	2	a	1.0689365953891417
227.0	4	a	-0.04294975225455967
228.0	2	a	0.5149843505317621
228.0	2	c	-0.4451427363452162
229.0	1	b	-0.0820886048445757
231.0	4	c	-0.4229575843872991
232.0	1	b	-0.09286809012596006
235.0	1	c	0.20330562780997652
238.0	2	a	-0.06983079805771647
240.0	4	a	0.1095120249007297
242.0	1	a	0.17343680038160447
247.0	2	b	0.07939940757815134
251.0	4	b	1.215222501508948
255.0	2	b	-0.2876913643355511
258.0	1	a	0.2942833872398371
261.0	1	a	0.15187124329785404
267.0	4	a	-0.028382480292566133
268.0	4	c	-0.021841280919759475
273.0	2	c	0.16415269164126825
277.0	1	b	0.3127381515727287
278.0	4	a	0.35424438557505883
282.0	2	a	0.5955174506258264
284.0	4	b	0.06980177388685659
287.0	1	b	1.499349015768589
289.0	2	a	0.24230022541066654
299.0	4	c	-0.7161539585563972
307.0	4	a	-0.06295580469065283
310.0	4	c	0.9998172409511498
311.0	4	b	-0.18354916843522662
314.0	2	a	-0.1730912693291816
316.0	2	b	-0.28492612438430764
318.0	1	b	0.050786792660442406
322.0	2	b	-0.3867598433973189
326.0	2	a	-0.0749387182754251
327.0	2	a	0.23138721008922167
328.0	4	b	-0.020354333498590813
329.0	1	c	0.136751839050346
330.0	2	c	0.31987294190596754
331.0	2	a	0.04670358169546175
333.0	1	a	0.18791015014989518
334.0	4	c	-0.06208810648994521
337.0	2	c	-0.08183679775872858
339.0	4	c	-0.12742679874299273
340.0	4	c	0.17589530932251568
346.0	4	b	-0.6683725913337609
350.0	4	b	0.4849955114132864
353.0	2	b	-0.26793724752283066
360.0	1	a	0.23734807951241257
362.0	1	c	0.49851932468052645
374.0	1	a	-0.08358108946815417
375.0	2	c	-0.2900701937966989
380.0	4	c	-0.4027199490199312
391.0	4	c	-0.6074426780713665
394.0	2	b	0.747802268387664
396.0	1	a	-0.14082056503086984
406.0	1	b	-0.1951638067088573
407.0	1	c	0.18788595142736692
408.0	1	a	-0.35274512561277627
414.0	2	b	0.2555832949020336
422.0	2	c	0.026844131742596273
426.0	1	b	0.11973197169218572
428.0	1	a	-0.21814018102778923
432.0	4	a	-0.5537579428074331
433.0	2	b	-0.23618773833979728
435.0	1	a	0.5935259331207687
436.0	1	a	-0.36654453399472725
443.0	4	b	0.038805513729532504
444.0	1	a	0.8332137358154562
445.0	1	c	0.13113329797253617
448.0	2	b	0.4398624696260199
449.0	4	a	-0.5403840485551752
450.0	2	b	0.1784196885204494
452.0	4	a	0.3905798769250243
454.0	2	b	-0.16724798918188627
462.0	1	a	0.07682697433959686
463.0	1	a	-0.03775369368817291
464.0	1	b	0.022730603891982663
465.0	4	b	0.007753919241828572
467.0	4	b	0.15766570396024715
468.0	2	a	-0.41957482257043455
470.0	4	b	0.03975290709864699
475.0	4	b	0.2994114997872672
477.0	2	b	0.4699573004962179
478.0	4	b	-0.25168596546122557
482.0	1	a	0.5774068228493675
484.0	4	a	0.4849955114132864
487.0	4	a	0.4122350610719063
488.0	1	a	0.2847699561520655
490.0	1	a	0.7345286976899424
496.0	4	c	0.1947485719337563
497.0	2	b	-0.17017354519403774
499.0	4	c	-0.2868226726884629
500.0	2	c	-0.16004958286459134
501.0	1	a	0.7755405205317095
502.0	4	c	-0.11275055433001438
503.0	4	a	0.6532436756322837
506.0	1	a	-0.05116042958280256
509.0	2	b	0.09382329861581441
510.0	4	c	0.5693589466043213
511.0	1	a	0.23569597773149087
517.0	1	a	-0.06503106078344603
520.0	1	a	-0.014961276835667284
523.0	2	c	-0.302249617984222
531.0	2	c	0.6275970877304718
533.0	2	b	0.11669330133791794
535.0	2	c	0.018973909830812895
539.0	4	a	2.9362290404038083
541.0	4	c	-0.009573827501877604
542.0	1	a	-0.00918956863933007
545.0	2	b	-0.4705951033686804
546.0	4	c	-0.2808308935867229
550.0	2	a	-0.10835707290535296
556.0	4	a	0.33139135301010125
561.0	2	a	0.5455052340397538
564.0	2	c	-0.3932540611017187
565.0	4	a	0.11149925097025383
566.0	1	b	-0.043929335169715714
567.0	1	a	0.07941474125676472
568.0	1	c	0.07712796802307874
569.0	2	a	0.030819112765398792
570.0	2	c	-0.2935926005545212
572.0	1	a	0.35887971204190655
574.0	2	b	-0.024510162473288077
580.0	4	a	0.12291812586107298
582.0	1	c	-0.1894657278869492
586.0	1	b	0.061828719228316946
598.0	2	b	-0.5394941627650172
600.0	1	a	-0.17237284281998813
601.0	4	a	0.021224141639061382
605.0	4	b	-0.31263781177730166
615.0	1	a	0.6582617881414334
624.0	4	c	0.09537266214986452
626.0	1	b	0.3261135791452587
630.0	1	a	0.32092075131880954
631.0	2	a	0.15744577721094843
634.0	1	a	0.3750701078531874
636.0	1	a	0.16808065383375223
638.0	2	a	0.48159160940203327
640.0	1	b	-0.08454221069137832
641.0	1	b	0.08529362228339307
645.0	1	a	-0.23752940323690713
647.0	2	c	0.12899411102385624
653.0	2	c	0.22194326208066903
656.0	1	b	-0.15410592322718064
658.0	4	b	0.6321813527647188
660.0	1	b	1.3157138399190669
661.0	4	c	0.09013810500028935
665.0	2	a	0.38239922157763456
666.0	2	c	-0.2906795199544535
676.0	4	b	-0.5926606427387642
679.0	2	b	-0.17117293548871734
681.0	4	b	-0.07009731406733542
685.0	2	a	0.15002852966987734
693.0	1	a	0.006832013535826349
700.0	2	a	0.09085917561992378
704.0	4	b	-0.07174246491405074
706.0	1	a	0.4074793587545391
708.0	2	a	0.20336600488762013
709.0	2	c	0.0603089048244346
715.0	2	b	-0.19855390145250718
725.0	2	a	0.17781999705719911
729.0	4	c	-0.02616342489038748
744.0	2	a	0.05771330907586117
746.0	4	b	-0.14352771708600642
753.0	4	c	-0.23930322255813855
754.0	4	c	-0.528177328030676
758.0	1	a	0.39337401059571797
763.0	1	b	0.2889941864908931
764.0	2	c	0.4532672447576947
765.0	4	a	0.9223289966652791
767.0	1	c	0.39605235795979643
770.0	1	a	1.4487479091655722
773.0	1	c	0.17087883841257992
778.0	2	a	0.2750518848111456
786.0	4	b	-0.0654070411823054
789.0	4	a	-0.034989005239068866
790.0	4	c	-0.22996624892134138
802.0	2	c	0.013971953796773417
803.0	1	b	-0.1700133568988084
805.0	4	c	-0.2935926005545212
812.0	4	b	-0.6559434426128458
815.0	2	a	-0.1763428615189843
817.0	2	a	-0.12344689151942752
819.0	2	a	1.1524780822509413
825.0	4	b	-0.27783123592958847
829.0	4	b	0.812825513147674
835.0	1	b	0.19856142659025092
848.0	2	a	-0.028160573537603657
851.0	4	b	-0.23176546455980995
861.0	1	a	0.46832957288012733
866.0	2	a	0.08827393605477966
868.0	2	c	-0.04302378255324047
877.0	2	c	0.09988835898894696
892.0	2	a	0.07934007057049607
893.0	2	a	0.21542707491227472
895.0	4	c	0.3599929001757986
898.0	2	a	-0.1149510524362436
906.0	2	a	0.042949653000335576
909.0	1	b	-0.2795003469430788
916.0	4	c	-0.2675204492793872
920.0	4	c	0.040471954263026105
922.0	2	b	0.270826380441791
927.0	2	c	0.09890828569398247
929.0	4	b	0.3366438316139739
930.0	1	a	0.1267045242224355
931.0	1	b	0.5337174367785067
937.0	2	c	-0.2128531139483848
944.0	4	b	0.33184126594334973
946.0	1	a	-0.07753203350006248
951.0	1	a	0.2957416157554549
953.0	2	a	-0.07236591746782783
957.0	2	b	-0.3490475752877788
958.0	2	a	0.11607842360738163
967.0	4	c	-0.03523689838609847
970.0	2	a	0.7372765087817388
985.0	2	a	-0.08248706039020852
989.0	2	a	-0.5369170963752504
991.0	1	b	0.32653658823717563
1000.0	2	a	0.04855349481884304
1007.0	4	a	0.20992527686089343
1009.0	2	a	0.287333022057664
1016.0	4	c	0.059231979287596714
1017.0	1	c	-0.016479006261195556
1021.0	4	c	-0.2985578885351546
1034.0	1	b	-0.21568406543970303
1035.0	2	a	-0.10927772484841511
1036.0	2	a	0.06914218914302284
1038.0	1	c	0.057900769189927086
1062.0	4	b	0.029230596788568597
1081.0	4	b	0.04722709726740794
1084.0	2	a	0.07996329819198895
1085.0	4	a	0.22147858291738273
1088.0	4	b	0.035318170303487335
1094.0	1	c	-0.021999544550782936
1095.0	2	a	-0.26117244420454716
1103.0	2	a	0.05889536237640807
1104.0	2	b	0.22755320328339573
1110.0	4	a	-0.5872188105959151
1111.0	2	a	-0.14335707544252174
1119.0	1	c	-0.23188115009655055
1120.0	1	a	0.05261315221208194
1129.0	1	b	0.1939176303377787
1130.0	4	c	-0.5422129169204697
1133.0	4	c	-0.42190132539114245
1138.0	2	a	-0.06301333194112008
1140.0	2	a	0.12194947834780637
1141.0	1	c	-0.3895153003362764
1144.0	4	c	0.021205708825302056
1146.0	4	a	-0.4443926818171198
1147.0	2	b	-0.14288228581352064
1162.0	2	a	0.560407038726832
1164.0	1	a	0.6401578781389341
1166.0	1	a	-0.16009885234929377
1168.0	1	a	0.3044962347396263
1169.0	1	b	0.5315667013835705
1179.0	2	b	0.5737048782298594
1183.0	1	a	0.011651242369546238
1186.0	4	c	0.1777844805319941
1198.0	4	b	-0.2935926005545212
1201.0	1	a	-0.13011859996325476
1206.0	4	b	-0.15365888278693962
1208.0	2	a	0.27455812193905677
1211.0	4	a	-0.41398069514716695
1213.0	1	c	0.5184074144110657
1215.0	1	c	-0.15548794648009154
1218.0	4	a	0.1353029946976461
1221.0	4	c	0.2034374233844776
1222.0	4	a	1.1098464737681857
1223.0	2	b	0.040506393175001466
1224.0	2	c	-0.03267861416968148
1227.0	2	a	0.2574558508988361
1229.0	4	b	-0.08472583695255144
1230.0	2	c	0.03680443367037394
1232.0	4	a	-0.27757733098685633
1233.0	2	a	-0.18580632810359707
1235.0	1	a	0.37113129950695267
1236.0	4	b	0.07961914666989048
1237.0	1	b	0.8518610255631125
1243.0	2	a	0.03297283320439254
1244.0	4	b	-0.27930922722539897
1248.0	4	c	0.32201270106889723
1251.0	2	c	-0.0020896701287889284
1254.0	2	a	-0.013865472684806398
1258.0	1	b	-0.47038672758344796
1261.0	1	b	0.372453111567507
1262.0	1	b	-0.008464682160906751
1263.0	2	b	-0.10438074912648286
1271.0	2	b	0.23393978138361468
1274.0	2	b	-0.07472900885836244
1275.0	4	b	0.35324521861745456
1277.0	4	c	-0.293194826187859
1282.0	2	b	0.24239283619394228
1286.0	2	b	0.06683819173389313
1293.0	2	c	0.22991673358244993
1296.0	2	b	-0.22881242296106014
1298.0	2	a	0.08805488007194694
1306.0	4	b	-0.08045550296762638
1309.0	2	a	-0.10047888219003775
1311.0	2	a	-0.011711579699565619
1329.0	4	b	0.005355070588596411
1333.0	4	a	0.2580909380457793
1336.0	1	c	-0.04894151675117325
1337.0	1	b	0.30343670517868654
1341.0	1	a	0.5657537769956958
1348.0	4	a	-0.08348613594966772
1356.0	4	b	-0.038035054150996034
1357.0	4	c	-0.010423754398163898
1358.0	1	b	-0.21133996231204238
1362.0	1	b	0.16703286526408154
1370.0	1	b	0.2287590498142024
1378.0	2	a	0.31060173635552957
1381.0	1	c	0.2933472521714882
1386.0	1	c	-0.02921471207553965
1398.0	4	a	0.2750444927975709
1399.0	1	c	0.3448766896812155
1400.0	4	b	-0.5690397658023202
1402.0	2	b	-0.3941813452882852
1403.0	2	c	0.06385246827103505
1408.0	2	c	-0.4383748842259702
1409.0	4	b	0.1105054732063619
1414.0	1	a	0.61283179875663
1416.0	2	c	-0.1358544653570232
1419.0	1	c	-0.06486742376296557
1420.0	2	c	0.24804931028471902
1436.0	1	b	0.07788488273994836
1439.0	4	b	0.19416465217358986
1441.0	1	c	0.3795040814580405
1444.0	1	c	-0.4071367002164929
1445.0	2	a	0.3455410303263472
1447.0	4	a	0.25228613501713304
1451.0	1	c	-0.3195825500217827
1455.0	1	b	0.21467302384172735
1456.0	1	a	0.4568301440936011
1461.0	2	b	-0.24204502609224893
1462.0	1	b	-0.12683266864052736
1468.0	1	a	1.2046985199954812
1471.0	4	b	-0.02878796909199893
1476.0	1	b	0.24579027990462998
1483.0	2	c	0.11382710327659994
1485.0	1	a	-0.335883641059108
1500.0	4	b	0.20675894684640234
1503.0	1	a	0.3044246984903914
1505.0	1	b	0.03317166287039427
1513.0	1	a	0.1738442898555543
1516.0	2	b	0.112673970160821
1520.0	2	b	-0.5504119591822545
1522.0	4	b	-0.36545179022486773
1525.0	1	c	0.10797517957192208
1526.0	2	a	0.08909552909132457
1531.0	1	a	-0.1606684634226913
1532.0	2	c	-0.2058719279510722
1533.0	1	a	0.12554045673650127
1536.0	2	c	0.08641123021462062
1537.0	1	b	-0.0844344328749503
1542.0	2	b	-0.30185528444146126
1544.0	2	b	0.115721895422332
1545.0	2	a	0.5867628930552937
1552.0	4	b	-0.6102733906754243
1555.0	2	b	0.06821442366852401
1558.0	1	a	0.7115706528712473
1562.0	2	c	-0.020362848684340046
1565.0	4	b	-0.28378446421846937
1574.0	2	c	-0.1455419968433045
1579.0	1	b	0.38483369417544394
1580.0	2	c	0.25835454659529294
1582.0	4	b	-0.2540521078343561
1583.0	4	b	0.05029346450345384
1585.0	1	a	0.9386959363145359
1589.0	1	c	0.355453361139212
1592.0	2	b	-0.08586549619697952
1593.0	4	a	-0.2394711131718722
1594.0	1	b	-0.05819944488674633
1595.0	4	b	-0.1396972297471131
1596.0	1	a	1.4646658254277547
1597.0	1	c	0.6223382960234171
1598.0	4	a	0.1517674285289225
1600.0	2	a	0.0368888713904514
1606.0	2	c	-0.2670876841260007
1608.0	2	b	-0.48496876188723237
1609.0	2	c	-0.3046647001051652
1611.0	1	c	0.02881554845018396
1613.0	2	a	0.6144830663047194
1625.0	4	b	0.005695269004215943
1628.0	2	c	0.26860539725499416
1642.0	4	a	0.03280949986147072
1650.0	4	b	-0.0780213147686993
1652.0	4	c	-0.3762289948706166
1653.0	4	c	-0.013979379272436344
1654.0	2	a	0.02517602433358568
1658.0	1	a	-0.0018003140875346528
1659.0	1	b	0.7912043263779401
1660.0	4	a	0.039998568243291274
1662.0	4	b	-0.10825292549645417
1664.0	2	b	0.5910865192244448
1665.0	4	a	-0.12969682202564523
1669.0	2	a	-0.1644111856086487
1670.0	4	a	-0.4946129880881435
1671.0	1	a	0.3600395845508205
1672.0	1	c	-0.25782129486666805
1675.0	1	b	-0.20202818127812647
1678.0	1	a	0.8657214171558253
1685.0	1	b	0.0561766755776983
1690.0	4	b	-0.8271201752848001
1699.0	4	b	-0.013557771128371546
1706.0	2	c	-0.05211982491980033
1707.0	2	a	0.2544309897667208
1709.0	4	c	-0.24625228329144852
1715.0	2	b	0.26492353245376893
1719.0	2	c	-0.025450746591226203
1735.0	4	b	-0.2679093134263441
1742.0	1	a	0.018636353231887906
1747.0	1	b	-0.052645677865595944
1753.0	4	a	-0.16736658393798517
1756.0	1	b	-0.49722454398942445
1757.0	4	c	1.054219549250239
1759.0	4	c	-0.2450840318120115
1760.0	4	c	0.1380492678971745
1763.0	2	c	-0.17082802659647045
1767.0	4	a	-0.13682660431802515
1772.0	4	a	-0.2204536290676693
1773.0	4	c	-0.16063259454996978
1774.0	1	c	-0.22326029864468155
1775.0	2	b	-0.06984920210724994
1778.0	2	a	0.37965968670846845
1781.0	1	b	-0.1497104166181148
1785.0	1	c	0.2336327534355726
1793.0	4	c	-0.12568236177388287
1794.0	4	a	-0.1200911286845369
1799.0	4	b	-0.158932976768499
1801.0	2	b	0.2549848031814575
1803.0	2	b	2.1653119714696456
1804.0	1	c	-0.11364120059119776
1805.0	4	a	-0.24431496046282614
1807.0	2	c	0.16647852796077509
1810.0	4	a	-0.6184130025215762
1815.0	4	b	-0.026126028718428077
1821.0	1	a	0.5096488906867548
1826.0	1	b	0.19321814697124032
1827.0	2	c	0.10529490395481347
1831.0	4	a	-0.2848044809335323
1845.0	2	c	0.2334673702189059
1846.0	4	a	0.4572692798724827
1849.0	1	c	-0.13568258056328805
1854.0	1	c	0.3769406963684988
1855.0	2	c	0.14575118265365786
1857.0	4	a	-0.4848139346754542
1862.0	4	a	0.9834087495772404
1870.0	4	a	-0.08150718090718218
1872.0	1	c	0.18001489694002942
1878.0	1	c	0.7316010765808998
1882.0	4	c	0.6114653074899672
1888.0	2	b	-0.456872071350818
1890.0	1	b	0.5810098089327782
1891.0	1	b	0.2589040529987777
1902.0	4	b	-0.169964415202334
1903.0	2	c	-0.2540293422677563
1906.0	1	c	-0.1235298482665542
1907.0	4	b	-0.014193402433857371
1909.0	4	c	0.06592050854883805
1918.0	4	c	-0.5308966078884105
1919.0	2	b	-0.3109528758587102
1928.0	4	a	-0.2258391347664129
1930.0	2	b	0.22750306373861456
1931.0	1	c	0.2983634342175733
1935.0	2	b	0.17384830019547937
1944.0	2	c	0.585263536806525
1949.0	4	a	-0.2320814178705436
1951.0	4	b	-0.2935926005545212
1958.0	1	c	0.047536306557429284
1965.0	4	c	-0.28528177939863497
1968.0	4	c	-0.052967386823474724
1969.0	1	a	0.4832954323339148
1970.0	4	a	0.034937945956951655
1973.0	1	b	0.4393680502633032
1974.0	1	a	0.15844565666514746
1986.0	4	b	-0.13642151583493248
1987.0	4	a	-0.2935926005545212
1991.0	1	c	0.3599749730556491
1994.0	2	a	0.42458335425855565
1995.0	2	b	-0.3223010967038845
1997.0	1	b	-0.07155021082482761
2003.0	4	a	0.3143140211534922
2004.0	1	a	0.24388001778809024
2005.0	4	a	0.16111430047557343
2009.0	2	a	0.09329467517407153
2010.0	4	b	-0.4370844674675909
2012.0	2	a	-0.02397328097905066
2014.0	4	a	-0.09729193574886577
2036.0	4	a	0.5198331337643021
2037.0	2	c	0.08173211828620643
2039.0	4	a	-0.30416100105670363
2043.0	1	a	0.16067752336084987
2045.0	2	b	0.31136292115289765
2051.0	4	a	0.7607454677352177
2052.0	2	b	0.03126117352723302
2053.0	4	a	-0.1533469757785341
2062.0	1	b	-0.30313891907326335
2065.0	4	c	0.44310329536761606
2067.0	1	c	-0.18612906327456916
2079.0	1	a	0.18152174027135445
2081.0	4	c	-0.1139390803319409
2082.0	2	b	0.16555344484428236
2085.0	4	c	-0.0851153625708069
2088.0	2	a	-0.006555935424722326
2091.0	4	a	0.31001277575075215
2098.0	4	b	-0.671502972653881
2101.0	1	b	-0.05729507860519616
2108.0	2	b	0.03412488527992445
2109.0	4	a	-0.23980234225795427
2115.0	4	a	0.07646979645694034
2116.0	1	b	-0.16045325750835848
2118.0	4	a	-0.4631363383664933
2121.0	1	a	-0.07816356300794079
2129.0	4	c	0.08067790131660549
2136.0	2	b	0.17490053353511853
2138.0	2	a	-0.33758108881779747
2140.0	1	c	0.6244032903801204
2141.0	1	b	0.5740122451404326
2142.0	2	b	-0.08044547467770968
2143.0	2	c	0.9796245825154042
2146.0	1	c	-0.10347400532592875
2151.0	2	b	0.04677320711646481
2153.0	4	b	0.34299398909316225
2160.0	2	a	-0.13384066175057674
2161.0	2	a	0.02511341868924201
2162.0	4	c	-0.4248116190881983
2166.0	2	c	0.3272638962066623
2174.0	4	b	-0.16180850111684783
2180.0	4	b	-0.19126569730191811
2192.0	1	a	-0.022010823325883683
2200.0	1	a	-0.05225474147385062
2202.0	2	a	-0.11688429799056968
2204.0	2	b	0.2001550870126278
2208.0	1	a	0.24907606264442006
2210.0	2	a	-0.12201349709789489
2212.0	4	c	-0.048069347397433966
2215.0	4	a	-0.1996623743024976
2218.0	2	c	-0.1476073295605572
2223.0	2	a	-0.17177364444638146
2224.0	2	b	-0.24877765131902038
2228.0	1	b	-0.10565703209570455
2232.0	2	a	1.3758574824300558
2233.0	1	a	-0.18521679966047114
2234.0	4	a	-0.3822229794639999
2240.0	4	a	-0.1805070785088594
2264.0	2	c	0.049110401943362664
2266.0	4	a	-0.6483857273923763
2268.0	2	c	0.0109393227404892
2269.0	2	b	-0.33654079177662055
2274.0	2	c	-0.12896956465926016
2275.0	4	a	-0.07502894006517656
2277.0	1	b	0.18170133045124423
2279.0	1	a	-0.30065752448624833
2280.0	4	a	2.175098870746437
2282.0	4	a	3.599347959284516
2284.0	2	c	-0.15781521636779308
2287.0	1	a	0.2706242893085351
2292.0	1	a	0.5635130304392832
2294.0	4	b	-0.2829285144075007
2295.0	2	c	0.1345905030010455
2296.0	4	c	-0.12292503417191696
2298.0	1	a	0.37776707909529283
2301.0	4	b	-0.061416088940021665
2303.0	2	c	-0.05126474952815964
2305.0	4	a	0.38098623827869876
2308.0	1	a	0.019705068500271972
2309.0	4	c	0.09204916585542211
2310.0	2	c	-0.3136820946242442
2312.0	4	a	0.30789329690608075
2314.0	4	a	-0.24749536009361386
2317.0	2	b	0.03253134320504273
2319.0	4	a	-0.12516833154229076
2321.0	2	b	0.20758705529470164
2332.0	4	b	0.005419577612828346
2334.0	4	b	1.0279112961819268
2337.0	2	b	-0.04866184770616957
2343.0	2	a	1.0851785233229305
2345.0	2	b	0.31071648139982605
2347.0	4	c	-0.20073727601516125
2350.0	2	a	0.2763541856265857
2351.0	1	b	1.4477802484545073
2353.0	1	b	-0.45739538463558405
2354.0	1	c	0.07964347928731086
2359.0	1	b	0.2838894155638959
2361.0	1	a	-0.6068666407871048
2363.0	2	c	0.13177754373141298
2364.0	2	b	0.07058567017501101
2371.0	4	c	0.48318816014781635
2377.0	4	b	-0.5504119591822545
2380.0	2	c	-0.4032238016964289
2381.0	4	a	0.869204111976961
2382.0	2	a	-0.17737965666428815
2387.0	2	a	0.1991212938224464
2388.0	4	a	0.47648918148255043
2389.0	4	a	-0.144262699610248
2391.0	1	c	0.5279838161742022
2392.0	1	b	0.021844658074123245
2393.0	4	c	-0.21934974134475416
2395.0	2	c	-0.25978230160862015
2398.0	4	a	-0.27988694220585353
2405.0	1	c	0.060254068477802514
2407.0	1	a	0.4169139304848141
2408.0	2	b	0.4805037965419127
2409.0	4	b	0.5677774772954199
2410.0	1	c	0.1033515796353139
2411.0	2	b	0.19544784906660387
2423.0	1	c	0.23345348260029364
2425.0	4	c	-0.26097513051867205
2426.0	1	b	0.16865844757515805
2433.0	2	b	-0.008348182009853159
2434.0	4	b	0.09269482741356104
2445.0	4	c	0.3455294240343027
2447.0	4	c	0.28953785502026563
2448.0	2	b	-0.13135022966795765
2450.0	2	a	0.19362079422865086
2451.0	2	a	0.1261783674161312
2454.0	1	a	0.009188204674039867
2455.0	1	b	0.16662387518445052
2458.0	1	c	0.006887848484041968
2459.0	1	a	0.05130264156283767
2460.0	4	a	-0.3208025861298192
2461.0	1	b	0.06661109889410544
2464.0	1	b	-0.02542264121245263
2468.0	1	b	0.5526659392150093
2474.0	4	a	0.27692863232859405
2475.0	4	a	1.1297609453184319
2476.0	1	a	0.12788762036615559
2477.0	1	b	-0.3428026003208568
2487.0	4	c	0.11176118080816794
2488.0	2	a	0.3372639700177397
2498.0	2	b	-0.09587154035307503
2500.0	2	a	0.017392795936276906
2501.0	1	b	-0.0587175699428337
2503.0	1	b	-0.035597621792047306
2504.0	4	a	-0.23646033636999395
2505.0	4	c	0.0121755743620525
2506.0	1	c	0.6608481091801345
2508.0	1	a	0.6845618977495803
2509.0	2	a	0.6471860165148379
2511.0	2	c	-0.5604248171375531
2516.0	1	a	0.6156479534181104
2519.0	4	a	-0.11673040137341074
2522.0	4	b	-0.11212133930049382
2523.0	4	b	-0.3381430002873155
2525.0	1	b	-0.12650441286363873
2528.0	1	b	-0.16149327995598775
2533.0	2	a	0.38145926480458103
2534.0	2	c	-0.04607624915789765
2537.0	4	a	-0.1309445394603739
2539.0	2	a	0.0993428643525656
2540.0	2	a	0.6673380679511569
2541.0	1	c	0.07139947949092222
2545.0	1	b	0.6095593836503184
2553.0	2	c	0.10044238445659609
2555.0	1	a	0.39382718449159987
2556.0	1	a	-0.27473538559891436
2560.0	1	b	0.009203208583580336
2561.0	4	c	-0.43415113111888853
2562.0	2	a	0.3190973050685496
2563.0	2	a	-0.0885670550577199
2571.0	1	a	0.1839632959108225
2577.0	1	b	0.38032340247651725
2582.0	1	b	0.026940317420039793
2583.0	1	b	0.3099723820064176
2584.0	1	c	0.4713798246442432
2586.0	2	c	-0.21199516946970326
2587.0	1	a	0.5458444522022434
2590.0	2	c	0.12793607200350238
2592.0	1	a	0.18560026448575126
2594.0	2	a	0.0997179794807507
2595.0	2	b	0.15227843425597554
2601.0	4	a	-0.23582789763695505
2602.0	1	a	0.13231813781209378
2604.0	4	a	-0.5056295060165812
2610.0	2	b	-0.24805216124223647
2612.0	2	a	-0.1438717154207512
2614.0	4	c	-0.16324921226777564
2617.0	1	b	0.8335027556852762
2618.0	4	a	-0.27770878526757764
2619.0	1	b	0.016229718677601136
2624.0	2	b	0.24210684125683812
2625.0	1	a	-1.1657117652601625
2633.0	1	a	0.6693288145810817
2636.0	1	a	0.019598813443984488
2640.0	4	b	-0.4007136898675548
2641.0	2	b	0.07324833026809102
2645.0	4	b	0.3848408756662576
2649.0	1	a	0.1738546717399539
2650.0	1	c	0.42301581521955606
2654.0	4	a	-0.09506846345205663
2657.0	1	b	0.12307495737918579
2661.0	4	b	-0.13469325992623327
2663.0	2	a	0.18179047614836114
2667.0	4	a	0.7391798854976144
2669.0	1	c	1.3436825271642878
2671.0	4	b	-0.36551604021427275
2672.0	1	b	1.3404268774005177
2676.0	2	c	-0.13036027721624815
2677.0	2	b	0.14078202837161347
2679.0	2	a	1.227021632538152
2682.0	1	b	-0.12153445750126933
2688.0	1	c	0.17262274344059847
2689.0	1	c	-0.016962222073468737
2696.0	4	c	0.24577277299990677
2700.0	2	b	-0.2718684625262906
2701.0	1	b	-0.263569530424375
2702.0	4	c	-0.051693198433708655
2710.0	2	a	0.22703986672430254
2712.0	1	b	-0.04597274898344933
2721.0	1	b	0.013416075515146899
2725.0	1	b	-0.08970128110718058
2729.0	4	a	0.26758568173187514
2730.0	1	c	0.20144838067427204
2738.0	1	c	-0.24170259337320385
2740.0	4	a	-0.41548864717879513
2742.0	2	b	0.25318509909214265
2745.0	1	b	0.2726527022687992
2746.0	1	b	0.13638655285268944
2751.0	2	b	0.49132790382291525
2752.0	2	b	-0.1680461026100898
2753.0	2	b	-0.06609809149420441
2760.0	2	b	0.1705683804855904
2763.0	1	c	-0.13500154153295116
2766.0	4	c	0.02886713992017043
2768.0	2	c	0.7092130091461809
2770.0	1	a	0.31605573429583983
2773.0	1	a	-0.2521780964879886
2775.0	4	c	0.19204532227610552
2780.0	2	b	-0.4559138605922337
2783.0	2	a	0.553350557712141
2786.0	4	c	-0.59971487324774
2788.0	2	c	-0.10481162789130383
2789.0	4	b	-0.4125528690592704
2790.0	2	c	0.24397973822958638
2796.0	1	c	0.18981092499667063
2797.0	2	c	-0.1114690273953654
2801.0	4	a	-0.1220267782517216
2802.0	2	b	-0.20100482638920283
2803.0	1	a	0.3691894039096261
2804.0	1	a	0.5181694564441665
2805.0	1	b	0.2740632840041478
2806.0	4	c	-0.23488383100339227
2815.0	1	c	0.05041314030163956
2821.0	1	c	-0.3126822997005248
2827.0	2	b	-0.04184318152860725
2830.0	1	c	0.3116053014332765
2832.0	2	c	-0.1787938165316222
2835.0	1	c	0.08355652204979311
2841.0	2	b	-0.20785348355483563
2846.0	1	c	0.29895885946413786
2851.0	2	a	0.22947151814157746
2855.0	2	a	0.4946790325850749
2856.0	2	c	0.0076773486688076825
2860.0	1	c	0.16233862390952916
2872.0	2	c	-0.30730908742088886
2873.0	4	b	-0.42390032125102267
2876.0	2	a	0.27418643939534776
2880.0	2	a	0.026911530435786042
2884.0	4	b	0.030819112765398792
2885.0	4	c	0.3961727071314415
2887.0	1	c	-0.06220429963695915
2888.0	1	b	0.2356937818225299
2891.0	4	c	-0.027591055252439593
2893.0	4	a	-0.7932890878060435
2897.0	2	b	-0.2284861505206796
2899.0	4	c	-0.1896868033704263
2906.0	1	c	0.04926849296470682
2908.0	1	a	-0.14615369385089189
2911.0	1	c	0.2870781718827399
2914.0	4	a	-0.13566085685137302
2915.0	2	b	-0.36972562692466143
2919.0	2	c	-0.0007381198176424752
2920.0	2	b	-0.25723454765928666
2925.0	1	c	0.07069405163344812
2930.0	4	b	-0.7073646101047382
2931.0	4	a	-0.44281885574025265
2933.0	2	a	-0.06846146220129123
2937.0	4	a	-0.20204750778589814
2938.0	1	a	0.10046882297944273
2939.0	2	b	-0.011651931883197637
2940.0	2	b	-0.04290705849556683
2942.0	2	b	-0.19236622254960897
2943.0	4	b	-0.20256217939730467
2944.0	4	c	-0.10404455472619135
2945.0	1	a	0.41322333346236784
2949.0	2	c	0.05272847757376679
2950.0	4	c	-0.027661167476922856
2953.0	2	b	0.22720601958739883
2958.0	4	b	-0.26550982687795427
2961.0	1	a	-0.15482314339544645
2963.0	1	b	0.061290453874397355
2964.0	4	c	-0.3913257993388701
2975.0	2	c	0.5967920628340532
2980.0	2	a	0.5216114585835989
2986.0	1	a	-0.013441262051737552
2999.0	4	c	-0.5136098526736196
3001.0	4	a	-0.1029163730814764
3004.0	1	c	0.31886898121045965
3008.0	4	a	-0.14146136106391294
3009.0	2	b	-0.06720803938659459
3011.0	2	c	0.5264434732302337
3013.0	4	c	0.0426354051590862
3015.0	2	c	0.21551203293990842
3017.0	2	c	0.7309217049351291
3023.0	1	b	-0.2571880028625029
3026.0	1	b	0.36434793296940565
3027.0	2	b	0.1092432550167125
3030.0	2	c	0.2922741873185932
3032.0	2	b	-0.12929467291055258
3034.0	1	b	0.05094752520818316
3037.0	1	c	-0.2806213570957154
3039.0	1	a	2.3061262876069506
3044.0	2	b	0.3765481743044866
3050.0	4	c	0.024559896292210292
3053.0	4	b	-0.34784730501150746
3057.0	4	c	0.27542271571645144
3059.0	4	a	0.2624944030882955
3062.0	1	c	0.6312023845044894
3072.0	4	a	-0.2559387387403062
3076.0	4	c	0.48115115434149114
3078.0	4	c	-0.2641067994516841
3080.0	4	b	-0.2129695197005966
3084.0	1	a	0.22545420426150686
3087.0	2	c	0.21697005269583602
3093.0	2	b	-0.1455638262416453
3095.0	1	c	-0.06076240980892262
3096.0	4	a	-0.22154152937113034
3097.0	1	c	-0.3404644359570517
3100.0	4	a	-0.15227262503895758
3101.0	4	c	-0.19466275336324795
3102.0	2	b	-0.14805642914723258
3104.0	4	b	-0.33509136753160196
3106.0	1	c	0.11432531566504558
3113.0	1	c	-0.1939460089481325
3115.0	1	c	0.4792123636210668
3116.0	4	a	0.02032161268969538
3117.0	2	b	0.11913625638742181
3121.0	4	b	0.3452722144127855
3124.0	4	a	-0.23867185779021535
3126.0	1	a	-0.030105057773513588
3127.0	1	c	0.20661078866688395
3128.0	2	a	-0.07809953838854981
3129.0	2	c	0.2388420370438706
3130.0	2	b	0.15043463474159627
3132.0	4	a	-0.15001475409901302
3135.0	4	b	-0.07857573848921948
3137.0	2	c	0.4586532917559201
3139.0	2	b	-0.17048499711918552
3142.0	1	a	0.7684896360503028
3143.0	4	b	0.41058630363447035
3144.0	1	a	-0.06870833047187092
3145.0	4	a	0.2211777837038914
3147.0	1	c	-0.11979593249128147
3148.0	1	b	0.5032877719768462
3152.0	1	b	0.7776619864887632
3154.0	4	a	0.45045860423402895
3155.0	4	c	0.22028471005486713
3156.0	2	a	0.16985448525447241
3158.0	2	b	-0.3254216638944232
3159.0	1	c	0.23098240617299182
3165.0	1	c	0.30279691577955903
3166.0	2	b	-0.16552604258474576
3167.0	4	b	-0.182158917484991
3168.0	2	a	0.13849524795186693
3171.0	1	a	0.15218894946243766
3172.0	4	c	0.1733521018516147
3174.0	1	a	0.1432415210269187
3179.0	2	b	-0.2098259004979543
3180.0	4	b	-0.1963712766977148
3182.0	2	b	0.07075433415190502
3184.0	2	b	-0.12520086850165899
3188.0	1	a	0.4000873954483681
3189.0	2	b	0.15906554944239037
3190.0	2	c	-0.49038195130505985
3191.0	2	b	-0.22231828264922343
3193.0	4	b	-0.41646012211921424
3196.0	1	b	0.15618207762716932
3197.0	2	a	-0.10484338176200776
3198.0	4	c	-0.38463871558429896
3206.0	1	a	-0.6236565296127469
3207.0	4	c	-0.6451647450002439
3208.0	2	b	0.03171427924056412
3212.0	2	b	-0.29973064575228686
3214.0	1	a	0.16771178377906928
3217.0	1	c	0.3335748389711481
3220.0	1	c	0.28485871138781244
3221.0	2	a	0.20885676874408676
3223.0	2	a	-0.15374633734270582
3224.0	2	b	0.14273640975627966
3228.0	1	a	-0.2591432591470284
3231.0	2	b	-0.06197377760900148
3234.0	4	c	0.42291847060890325
3244.0	1	b	0.07265369355311929
3246.0	2	b	-0.2065975059784124
3248.0	4	b	-0.327745311572448
3249.0	2	b	0.03283620167216776
3251.0	2	c	0.04987114494446576
3253.0	4	a	-0.24085428073030504
3254.0	1	b	0.2661222209574511
3255.0	2	b	1.1551177280907763
3257.0	1	c	-0.3394266623040601
3258.0	4	b	0.19409147579792377
3263.0	2	b	-0.3359246647320898
3266.0	2	b	-0.08445862010948683
3272.0	2	a	-0.06499890891661557
3273.0	2	a	-0.14402995553817552
3275.0	1	a	0.41311400698529394
3277.0	2	a	0.3797414404145298
3282.0	1	b	0.6135907014625717
3285.0	4	a	-0.3406686563747419
3291.0	2	c	0.42205670423720654
3297.0	4	c	-0.40820314023746607
3301.0	2	c	0.02973006166376654
3302.0	1	c	0.3878851384044049
3304.0	4	a	0.12853144919025505
3306.0	2	b	-0.04631649466323162
3311.0	2	b	-0.1213644291138271
3312.0	4	b	0.25233530453634223
3313.0	1	c	1.8138644841614238
3316.0	4	b	0.22985450467150859
3319.0	1	b	0.333093343819463
3321.0	4	b	-0.29721284823050215
3322.0	1	a	-0.5555718012391654
3324.0	4	a	-0.21205735356304617
3326.0	1	b	0.06679957127675604
3328.0	4	a	0.12946225953240914
3332.0	4	a	0.015245188328519649
3333.0	2	b	0.1887564948530518
3336.0	2	b	-0.13958968264294616
3337.0	2	a	-0.2807753033458678
3338.0	2	b	-0.0777945077961671
3341.0	4	c	0.13078216848046598
3343.0	1	b	-0.013263386224017869
3346.0	2	a	-0.005316941924454043
3353.0	1	b	0.11792532579743913
3354.0	4	b	-0.05391001569115687
3356.0	2	a	0.44502984941616525
3361.0	4	c	0.2787223514583727
3364.0	1	a	0.5028826948554933
3366.0	4	b	-0.528321938015953
3367.0	4	a	-0.06910834527707357
3369.0	2	c	0.054892699577987286
3372.0	1	b	0.2413821495892844
3374.0	4	c	-0.4374552425835795
3376.0	2	a	-0.053364755565482834
3379.0	2	c	-0.1778425642797194
3385.0	1	b	0.17396727703927842
3386.0	2	c	0.8349396317177596
3388.0	2	a	-0.05543980344797621
3389.0	1	a	-0.42978476950203587
3391.0	1	c	0.2553219475946063
3394.0	2	c	-0.09784579419473699
3396.0	1	c	-0.452715060367609
3401.0	4	a	0.19026846614667206
3402.0	4	a	-0.7351501302379467
3403.0	1	c	0.13280101054946147
3404.0	1	c	0.14711435687492924
3407.0	4	a	-0.23862820273404867
3408.0	2	b	-0.20760568045664293
3409.0	4	b	-0.24588838451264405
3410.0	1	a	-0.20983391810664623
3412.0	1	c	-0.21001294734690845
3413.0	1	c	-0.6132434935254553
3414.0	2	b	-0.000611769853452561
3415.0	4	b	0.5281860596519031
3417.0	4	c	-0.275219289919813
3421.0	2	c	-0.0005003449383481814
3424.0	2	a	-0.04122318420215804
3425.0	1	a	0.3833209863768233
3426.0	4	c	-0.029922640857274398
3435.0	4	c	-0.10871559441017532
3438.0	2	c	0.22287793297071581
3443.0	2	c	0.178617711206158
3452.0	1	b	0.08005934039184215
3457.0	4	a	0.7348067559052675
3460.0	1	b	0.9791891119726072
3461.0	4	a	-0.06518293467639094
3469.0	1	a	-0.1270068102836913
3473.0	4	b	0.16045982819719543
3475.0	4	a	-0.22570726247294082
3476.0	4	b	-0.15208929009790584
3478.0	2	b	0.06666873293074016
3480.0	4	a	-0.11298161958263692
3481.0	1	a	0.7421085965262537
3482.0	2	a	-0.09647578271974805
3483.0	2	c	-0.1202601554227918
3485.0	1	c	-0.20155233834101674
3486.0	2	b	-0.2922989163503279
3489.0	4	c	0.2759834693001949
3492.0	1	b	0.22932106958616733
3493.0	2	a	0.31548599064189575
3494.0	1	a	0.3811281069006597
3496.0	4	c	-0.19207139311762772
3497.0	4	a	-0.1737548320061243
3501.0	2	c	-0.13624675395440958
3502.0	2	b	-0.11587517976886037
3504.0	1	a	0.004572092281749088
3505.0	1	a	0.21148926331406534
3508.0	1	c	0.29642577263243813
3510.0	2	c	0.15291721738059874
3512.0	1	c	-0.09796496581346228
3513.0	2	a	-0.16649074796996866
3515.0	2	a	0.7274909915065133
3517.0	1	a	0.8349408138738209
3518.0	4	b	-0.369168672092395
3519.0	2	c	0.06507764801916989
3520.0	2	c	0.17416144725266694
3522.0	2	b	0.6668890322511631
3525.0	4	a	-0.058282041957333525
3526.0	2	b	-0.23169953749381733
3527.0	1	a	0.20374577633303997
3533.0	1	b	0.0964835436580666
3535.0	1	c	0.24168672642334632
3536.0	1	c	0.5118251310705333
3539.0	1	b	0.06175534328301209
3543.0	1	b	-0.09492009378802876
3545.0	2	c	0.0750233008010144
3548.0	1	a	0.4059440365937237
3549.0	4	b	-0.19840889941846754
3554.0	2	b	-0.10265819645111375
3555.0	1	c	-0.11964777013691609
3557.0	4	b	-0.00842297893648435
3559.0	2	c	-0.3080340656052087
3562.0	1	c	-0.08372378190107638
3563.0	4	a	-0.15033032808614688
3564.0	4	c	0.1587946195651326
3571.0	1	b	0.23274445627291307
3572.0	4	a	0.00748202795611595
3576.0	1	c	-0.2171436767484476
3577.0	4	a	-0.5213970385219007
3581.0	4	b	-0.24518177509349978
3582.0	1	b	-0.07201719319600437
3583.0	2	b	0.059555675794794614
3588.0	1	c	0.10628452910363813
3590.0	1	a	0.20932055424212206
3592.0	1	c	0.04984417465857838
3593.0	2	a	0.0709976041732778
3595.0	4	b	-0.5472482625794165
3601.0	1	a	-0.12192849126226327
3603.0	1	a	0.39043401747842993
3605.0	2	c	-0.11756435827241435
3611.0	1	b	0.24867271638032423
3613.0	1	c	-0.2276293930433641
3618.0	2	b	-0.5205497083870971
3622.0	4	b	-0.1257233044544003
3623.0	2	b	-0.027137825710528394
3625.0	2	b	0.4160671558009538
3626.0	4	b	-0.022483412570373673
3629.0	1	a	-0.09582541381095562
3630.0	4	c	0.3423410831287391
3631.0	2	b	0.18420099277640753
3644.0	2	b	-0.2577535475623458
3649.0	1	c	0.32513857493868653
3652.0	1	c	0.606932048335931
3656.0	2	a	0.23651841622041905
3660.0	2	c	-0.18400172828625483
3662.0	4	a	0.20145568400792424
3669.0	1	c	-0.04676199088322302
3671.0	1	b	-0.05790407540365097
3673.0	1	c	-0.17691230632048707
3674.0	4	c	0.23589340915859935
3676.0	4	b	-0.1910851084043009
3677.0	2	a	0.622140061195993
3678.0	1	c	0.24208677804420872
3681.0	4	c	0.11072371626282722
3682.0	1	b	0.09900306709406281
3686.0	1	a	-0.2504337814209129
3688.0	2	c	-0.20508427815476732
3689.0	1	a	0.1305684828390036
3693.0	2	a	0.46687547603986534
3694.0	1	a	-0.2258276550391094
3697.0	4	b	-0.4405542810269429
3702.0	1	b	-0.29564227881404487
3705.0	2	c	-0.05176294875326446
3707.0	4	c	0.9954354442217864
3708.0	4	a	-0.2517727520786327
3711.0	1	c	0.1872455411185876
3712.0	4	a	0.64174228669517
3717.0	1	b	0.5902562845451856
3726.0	2	b	-0.1386531660311052
3727.0	1	a	-0.13652978995268567
3728.0	2	a	-0.017538254290364336
3734.0	2	c	-0.18687510970789795
3738.0	2	b	-0.4222416954304338
3744.0	4	b	-0.483110740979282
3745.0	4	b	0.17148583990251212
3746.0	4	a	-0.2592507381158012
3755.0	1	a	-0.05255719072431099
3756.0	4	c	-0.41086873066479246
3764.0	2	b	0.07935827537184524
3766.0	2	a	0.23516872828655058
3770.0	2	c	0.06525442780346975
3773.0	2	a	0.21055603739880452
3775.0	1	a	0.4866053000220706
3777.0	4	a	0.07315685908995785
3779.0	1	a	0.00039386658358712273
3784.0	4	a	0.301956859001317
3787.0	1	b	0.3285228859836549
3789.0	2	a	0.030819112765398792
3791.0	4	b	0.4176118586159034
3792.0	1	c	0.11693999455389566
3795.0	4	c	-0.06808264953019294
3796.0	4	b	0.17725822894845808
3799.0	1	b	0.09304588402222226
3804.0	2	b	0.05031724099914151
3805.0	4	a	0.06321915483376243
3806.0	1	a	-0.013856176757424376
3807.0	2	a	0.16179621336294372
3808.0	4	a	0.11424196596021569
3809.0	1	b	0.2434631300118261
3812.0	4	c	0.5201976543471009
3813.0	2	a	0.5844730669261218
3814.0	2	c	-0.36049856271887365
3818.0	4	b	-0.273824389428997
3819.0	1	a	-0.11834722815316352
3821.0	2	c	0.2533820109407396
3822.0	4	b	0.24022604369068565
3825.0	2	c	0.07385097269058205
3828.0	4	a	0.10529704805801605
3830.0	1	b	-0.039610132811759034
3831.0	2	b	0.4513254421299769
3833.0	1	c	-0.41179070474039936
3834.0	1	a	0.2787980784166
3836.0	4	c	-0.36272829804401363
3838.0	1	a	0.40261006257574194
3839.0	4	a	0.41871195623026564
3845.0	2	c	0.10440074894908614
3846.0	1	a	0.7875846307701305
3854.0	4	b	0.3192718258776
3859.0	2	c	-0.20974450748285448
3860.0	1	a	0.8131349414515382
3862.0	4	c	0.5058327938032634
3867.0	2	c	0.23639444016817196
3874.0	2	b	-0.02751115970348912
3875.0	1	b	0.03068682962072259
3882.0	1	b	0.3593292064350397
3886.0	2	a	0.9074793643477431
3887.0	2	c	0.4269195319347675
3889.0	2	c	1.1566795477950487
3890.0	1	a	-0.17846025063979012
3892.0	4	b	-0.3428409955500059
3893.0	1	b	-0.6121014143504785
3894.0	2	c	0.27496722802370804
3895.0	2	a	0.48007312351578096
3896.0	4	c	0.20310470008969336
3906.0	2	a	0.3587482479666753
3907.0	1	b	-0.23943584026716677
3908.0	4	b	-0.5311113699959084
3909.0	1	a	-0.051034828060514376
3912.0	2	a	-0.3822678332997236
3913.0	1	a	0.026350396298762634
3919.0	4	b	-0.4367259211647144
3926.0	2	c	-0.17800471871082715
3927.0	2	b	0.18332691125153633
3928.0	4	c	0.03463759593322321
3932.0	1	a	0.08187812437231236
3934.0	1	b	0.13228927709561764
3938.0	4	c	0.030819112765398792
3941.0	4	c	-0.1961321590032962
3942.0	2	a	0.34104171053023974
3943.0	1	b	0.2756007022036935
3946.0	2	a	-0.05630255108482085
3950.0	4	b	-0.04988834435067503
3957.0	4	c	-0.06948471385752676
3958.0	1	c	0.40101987561764957
3963.0	1	c	-0.13525214742171784
3964.0	1	c	0.223110100943509
3965.0	1	c	0.07525011711105277
3966.0	1	a	-0.30467165517033273
3967.0	2	b	-0.023557802337005343
3970.0	2	b	0.6184964931964045
3972.0	2	a	-0.076561089653926
3978.0	1	a	0.09488170388339869
3981.0	2	c	0.20824017925418892
3982.0	1	a	0.07686475478260671
3985.0	4	b	0.08667547534182
3988.0	1	a	0.413036435946868
3989.0	2	c	0.02836129361166924
4001.0	1	b	0.5719976336276498
4003.0	2	c	-0.1584718361581836
4004.0	1	c	0.5138191274289442
4007.0	4	c	-0.27598029704490884
4009.0	2	c	-0.06583845344629777
4011.0	4	c	-0.2524758453938708
4013.0	1	a	0.10616736194432827
4018.0	2	b	0.01946466739271412
4020.0	2	b	-0.05113482066736757
4022.0	2	a	0.2264590846220097
4023.0	1	a	0.4871878212782893
4024.0	2	a	0.17033488765631094
4025.0	1	b	0.3754890829103584
4026.0	2	b	-0.43515441616517175
4028.0	1	b	0.45010665412559697
4030.0	1	c	-0.22560832804670666
4031.0	1	a	0.15411142793797475
4033.0	1	a	-0.15212003118270337
4036.0	1	c	0.0024632546256671407
4037.0	4	a	0.4380811619463535
4038.0	2	b	0.3598704358842291
4040.0	4	b	-0.33026520479222626
4041.0	2	b	-0.19643211073467667
4042.0	4	c	0.44603252957333783
4044.0	1	b	-0.18159647232740392
4047.0	2	a	-0.07948657143052816
4049.0	1	b	-0.030567746043779192
4052.0	2	a	0.2589122210760624
4054.0	4	c	-0.18856352359977716
4057.0	1	b	-0.08036356112400367
4062.0	1	c	0.4056487536105225
4068.0	2	c	0.12364420449746613
4069.0	4	b	0.3852784980325408
4071.0	4	b	-0.07760395614075802
4074.0	4	c	-0.15404185811354143
4077.0	4	b	0.22550954438291806
4079.0	4	a	-0.03989067876274927
4081.0	1	a	-0.15953038804358577
4082.0	4	c	-0.17308869382374834
4085.0	1	b	0.03201974286197753
4089.0	1	c	-0.049428327997838896
4090.0	4	b	-0.4167531284806749
4093.0	2	a	-0.03532020449338134
4095.0	2	c	-0.05394029172823751
4097.0	4	a	0.5404311700180577
4098.0	4	a	-0.29930304311917094
4100.0	4	a	-0.3262613648464365
4102.0	4	b	-0.23204082983090385
4107.0	4	b	-0.045207723921517645
4108.0	2	b	-0.1763237228416317
4111.0	1	a	0.12488052347018405
4112.0	1	c	-0.17116710220876422
4113.0	1	a	0.21897218283110856
4116.0	2	b	0.1901480046459744
4117.0	4	b	-0.19358546353356185
4118.0	1	c	-0.04005184190097147
4121.0	2	c	0.2784798128600778
4123.0	4	b	-0.20867504724030672
4124.0	4	b	-0.3235776801012034
4125.0	1	c	-0.15164058749116566
4126.0	2	c	-0.09773692380722183
4130.0	2	c	0.47264052718476113
4131.0	4	b	-0.30554035745054897
4132.0	4	a	0.6839574416482144
4137.0	1	a	0.4770848848904273
4140.0	1	b	0.18287279400157622
4143.0	2	c	0.09498486072712288
4144.0	1	c	-0.15779412508687166
4153.0	4	b	-0.6358819068418687
4154.0	1	b	0.46269575926302553
4155.0	2	a	0.1176406959948305
4157.0	4	a	-0.11053509529974082
4158.0	2	c	-0.0998425753948309
4162.0	4	a	3.249093652095524
4163.0	4	a	-0.18144214460780622
4165.0	2	b	-0.5525142288330326
4168.0	4	b	-0.29979267788537134
4170.0	2	c	-0.03502154779562519
4172.0	4	c	-0.13680192886207526
4175.0	4	c	0.5106708209760912
4177.0	2	a	-0.028745169867841144
4178.0	4	b	-0.007752047797111694
4179.0	4	b	-0.1597464929941344
4180.0	1	b	-0.2822488379766929
4181.0	4	b	0.24342588668142015
4182.0	1	c	-0.2935926005545212
4183.0	4	c	0.3993065274355356
4186.0	4	b	-0.47788976987544546
4187.0	1	c	0.14265268054770372
4191.0	1	b	0.04025769823949106
4193.0	1	a	0.2027059825997906
4195.0	4	a	-0.3114392157719367
4197.0	1	a	0.23069091312482629
4198.0	1	b	-0.12542451629664028
4199.0	4	b	-0.08399915200411404
4202.0	4	b	-0.12941010645752762
4204.0	4	c	0.3143527609924933
4206.0	4	b	-0.047641164551723195
4209.0	4	b	0.2541472351302257
4212.0	2	a	0.011601159068459219
4213.0	1	a	0.42254447756998587
4214.0	1	b	-0.053729317389186695
4218.0	4	c	-0.20035647879585228
4220.0	2	b	0.05055480749204438
4221.0	2	a	0.15575547100606488
4228.0	2	c	-0.16900734455187297
4229.0	4	c	-0.3352322017584725
4232.0	1	a	0.6239982445766793
4233.0	4	b	-0.21139824902267082
4235.0	1	c	0.2412216830312352
4236.0	4	a	-0.15449645804066456
4238.0	2	b	-0.011215102704933025
4240.0	2	c	-0.0023861062674232878
4243.0	2	a	0.33209008511416144
4245.0	4	b	-0.07499861065494996
4246.0	1	b	3.7380569505384074
4247.0	2	b	0.26757207933865973
4249.0	1	b	0.05327339694007325
4250.0	4	c	0.25212275293979525
4254.0	4	b	-0.2315272651955316
4258.0	2	c	-0.22441504933144316
4261.0	2	a	0.2667608719896097
4262.0	1	c	0.062445478390399205
4264.0	2	b	-0.2209384520605608
4268.0	1	b	-0.14054181952193404
4271.0	4	a	-0.5138283583758324
4273.0	2	c	0.8517067494213185
4280.0	4	b	-0.14707236221001474
4282.0	2	a	0.06678601491482658
4285.0	2	c	-0.2361259064084674
4286.0	1	b	0.49780435200317
4287.0	2	c	-0.14395358617661466
4288.0	2	a	0.5634658383745952
4289.0	4	b	-0.20038187146142372
4293.0	2	a	-0.0032729715425115088
4299.0	4	b	-0.00046226465956907686
4304.0	1	b	-0.3025340297788196
4305.0	2	b	0.19745316205160895
4307.0	2	a	-0.05408413006588696
4311.0	1	a	0.011645429268904963
4315.0	2	a	0.3021154783532299
4320.0	4	b	0.3693639369021121
4321.0	2	b	-0.19996220415764743
4322.0	2	a	-0.6671847314685824
4329.0	1	a	0.08570770912696164
4331.0	2	c	-0.1428027606606997
4338.0	2	a	0.0494018088943418
4339.0	4	b	-0.31294322224652976
4341.0	1	b	0.011680065008296226
4342.0	1	a	0.14147723065828227
4344.0	2	a	-0.014601806760296713
4346.0	1	a	0.4460366162412851
4348.0	2	b	-0.39411324461993613
4349.0	4	b	-0.06019581535997157
4352.0	4	b	-0.22839884026165846
4353.0	4	b	-0.1838652194677448
4366.0	4	b	-0.042001603672528705
4368.0	1	b	0.7410256284731042
4370.0	4	b	-0.41044036550133406
4372.0	2	b	-0.2082576831113711
4373.0	4	b	0.055341533793487094
4377.0	4	b	0.1556092193610175
4378.0	2	b	-0.5887528679788241
4380.0	1	c	0.28624377258779143
4381.0	4	b	-0.22923411820575235
4387.0	1	c	0.01801130987152594
4393.0	2	a	-0.4165595738521788
4394.0	1	b	0.09966997494190073
4395.0	2	a	0.17016402601195496
4396.0	1	a	-0.13112904142439083
4397.0	4	b	-0.15475928290367563
4398.0	1	c	0.4266638663228894
4399.0	4	b	0.07427203697532754
4402.0	2	c	0.04431834855607567
4404.0	1	c	-0.2643855618811868
4405.0	2	a	-0.009224370535981408
4406.0	1	b	0.2396487656980951
4407.0	2	c	-0.16671534479492395
4414.0	2	a	-0.3018128929502797
4417.0	1	a	0.11346165029745327
4419.0	1	c	0.3235579510306283
4420.0	1	a	-0.844893821505941
4421.0	4	c	-0.30074975824644257
4422.0	1	b	0.039414282575578406
4437.0	1	c	0.9430578683945896
4438.0	2	a	0.10729376306748177
4439.0	4	b	-0.4066020933635589
4443.0	2	b	-0.16486176295571153
4444.0	2	b	-0.12138582041586171
4445.0	4	a	-0.4160120862935456
4446.0	1	b	0.3169288041468853
4447.0	1	a	0.0993641859793855
4451.0	4	a	0.25589843303637744
4455.0	1	b	0.08776890372803095
4456.0	1	a	0.22009079603480075
4463.0	2	c	-0.12284661933878548
4465.0	4	a	-0.16523374564736942
4466.0	1	b	0.22065572611939288
4468.0	4	c	-0.21312479739515297
4470.0	1	c	-0.09908910388754802
4471.0	1	a	0.7782793716615983
4473.0	4	b	0.4185602716387647
4475.0	2	a	0.3527660149305311
4476.0	2	b	0.45328622253265477
4477.0	4	a	0.013217308784911685
4479.0	1	c	-0.015025636276946096
4480.0	4	a	0.6816844782548902
4482.0	1	c	0.846131054508794
4487.0	4	b	-0.09025361783436707
4498.0	4	a	0.23305420652727574
4499.0	4	c	0.06560612354760396
4505.0	1	a	0.2169557080367386
4508.0	1	a	0.3542764826125267
4510.0	2	a	-0.08989660891663463
4513.0	1	c	-0.17018425686993208
4518.0	1	c	0.24714141508869905
4521.0	4	b	0.30294476988222163
4522.0	4	c	0.020819006204341944
4523.0	1	c	-0.4887974551507533
4526.0	1	c	-0.03629761606883477
4527.0	2	a	-0.2860036546729745
4528.0	4	a	0.0690513915231116
4529.0	2	a	0.06375004779691255
4533.0	2	a	-0.2872074770556349
4536.0	1	c	0.09119887651628815
4538.0	4	c	-0.13961828035566157
4541.0	4	c	-0.8584303323097745
4542.0	4	c	-0.6000862449401664
4545.0	1	c	0.11877594040823969
4546.0	1	b	0.25476272302026837
4552.0	2	c	-0.2680450439411254
4554.0	2	c	0.022297566588799736
4555.0	2	a	0.12803495555848723
4560.0	4	b	-0.012280630793479136
4563.0	1	c	0.23311689617674683
4565.0	2	b	-0.13953601387471665
4566.0	1	a	0.4566765072157047
4569.0	2	b	0.11015920788586862
4570.0	2	a	-0.3341294515906396
4571.0	1	c	0.011597600845340008
4573.0	1	c	-0.1993417220926294
4577.0	1	b	-0.7335458008203684
4578.0	4	a	-0.23556221327076898
4579.0	2	b	0.34618790652778564
4580.0	2	c	0.1560409572688941
4582.0	2	c	0.3443131067500089
4583.0	1	b	0.201353281784992
4585.0	2	c	0.7680622208822423
4587.0	4	a	-0.16933241509739896
4588.0	4	c	-0.4775172988611625
4591.0	1	c	-0.12395869041011875
4594.0	2	c	-0.24742402294998997
4597.0	2	b	-0.3036842144415955
4598.0	1	c	-0.31777295415261153
4603.0	4	c	0.34304689302330443
4606.0	1	c	0.32762862210544386
4611.0	1	c	-0.07819042228488196
4614.0	4	a	-0.6008814646271866
4617.0	2	b	0.14230722210845242
4618.0	2	a	-0.36049268866198486
4619.0	4	b	-0.48277778792763076
4620.0	1	b	0.3604739892391695
4624.0	4	b	-0.040684716167492634
4626.0	2	a	0.8334157533629674
4627.0	1	c	0.14534975766782413
4628.0	4	b	0.9486032361931338
4629.0	1	b	0.15857792986041747
4630.0	2	a	0.5155736513020156
4637.0	1	c	0.20370014135201148
4638.0	4	b	-0.06691233181517423
4641.0	1	c	-0.016054426237488706
4642.0	1	b	-0.007851030684196377
4643.0	2	b	-0.2022174375103705
4645.0	4	a	0.3675907591494384
4647.0	1	a	0.2003474801338231
4648.0	2	c	0.3413044712185398
4649.0	2	c	-0.26455133550478305
4651.0	2	a	0.24924921319274798
4655.0	1	c	0.35098012657763195
4660.0	1	a	0.22209120186068143
4663.0	2	a	-0.027905751979509202
4664.0	1	c	-0.014751432172330978
4667.0	2	c	0.05087909850484614
4668.0	1	b	-0.09335124152091084
4670.0	2	c	0.3061896603741651
4671.0	2	c	0.41332201198319657
4680.0	1	c	0.1907943171237901
4686.0	4	c	-0.36706237520087553
4692.0	1	c	-0.04484069594083765
4693.0	1	c	-0.3126029396540758
4696.0	4	c	-0.010773881139634836
4701.0	2	c	0.052898790519763185
4703.0	4	c	-0.3331309788663756
4705.0	2	a	0.12267014376620379
4706.0	1	b	0.9098655083097394
4710.0	1	b	-0.10628052698248086
4711.0	1	c	-0.05185738127157361
4715.0	2	a	0.2339708577496349
4717.0	1	a	0.18592438661390118
4722.0	4	a	-0.02567757605257773
4724.0	1	c	-0.02473550374877139
4725.0	1	b	-0.06943751920322243
4727.0	4	a	0.2485719581628539
4732.0	1	b	0.14282675269344297
4734.0	4	b	-0.5016945603598952
4735.0	1	b	-0.20974265764265013
4737.0	1	a	0.7827620196247295
4739.0	4	a	0.40760874842353745
4742.0	2	c	0.02302232142293341
4750.0	2	a	-0.22259351788793072
4751.0	1	b	-0.18536769328077377
4753.0	4	a	1.2641443186391994
4755.0	4	a	-0.5453190440013373
4757.0	2	c	0.04070832092281431
4763.0	2	a	0.3093339630787864
4764.0	1	c	-0.5278695011298079
4765.0	4	b	-0.1514881180832888
4769.0	2	a	0.2619760980831359
4770.0	2	a	-0.3449699186755986
4773.0	2	b	0.6769791222202424
4777.0	2	a	-0.4000927592625829
4778.0	1	a	0.04160664442560369
4781.0	2	a	-0.03390149515955112
4782.0	2	c	-0.33085055354244214
4787.0	2	b	-0.17804990034518703
4788.0	1	c	0.714057358978502
4791.0	4	a	0.05297142301486278
4792.0	1	c	0.19378299938961668
4793.0	1	c	0.12547006899784385
4794.0	1	c	-0.5587978259515713
4796.0	4	c	-0.3566747196966015
4797.0	4	a	-0.03305446538962103
4798.0	1	a	0.48652829685934396
4799.0	4	a	-0.11216345662660154
4800.0	4	a	0.09853860434084157
4801.0	4	a	1.4095688943750575
4805.0	4	a	0.2576476199460623
4807.0	1	a	0.0034904421666831654
4808.0	2	b	-0.032581291972811614
4810.0	2	b	0.05423863726026704
4813.0	4	a	-0.21822726131635747
4814.0	1	c	0.18182575005366267
4816.0	2	c	0.14827507593177247
4817.0	1	c	0.17679441048091582
4820.0	2	a	0.4602880223012846
4823.0	2	b	0.16421129410289578
4824.0	4	b	-0.20643671653802298
4825.0	1	b	0.4484174422034637
4828.0	4	a	0.7278888945077783
4832.0	1	c	-0.5144248171863814
4835.0	4	b	0.3912939480060239
4836.0	1	c	0.07427188532441828
4837.0	1	c	0.374444881262237
4839.0	1	c	0.22183614796065562
4840.0	1	b	-0.1107882533338781
4852.0	4	a	0.35115784892563945
4861.0	1	b	-0.12308380210297858
4862.0	4	a	-0.16537142349309225
4865.0	4	a	0.5822814483290135
4871.0	2	c	-0.3424852181696238
4874.0	1	a	1.1139171138767032
4878.0	1	b	0.23796842382982583
4879.0	2	b	0.033086089032538755
4880.0	4	c	0.22711484387909575
4884.0	2	c	-0.056688458970587156
4885.0	2	c	0.19101227062408063
4886.0	4	b	0.7551068990667034
4894.0	1	c	-0.2107514279031907
4904.0	2	a	0.2879795925518877
4908.0	2	c	0.619589657407351
4909.0	1	c	1.1925242054385035
4910.0	2	c	0.1201068142245798
4911.0	4	a	0.28249625957796276
4912.0	2	b	-0.029632013178997108
4916.0	2	c	-0.2658882058497694
4922.0	1	c	0.28153439922333784
4926.0	1	b	0.43317567849815747
4927.0	2	b	-0.03453031192383726
4929.0	1	b	0.2970427154895217
4930.0	1	c	0.06538212009279552
4938.0	2	c	0.1374439000588876
4939.0	4	b	1.0657821363166582
4941.0	1	c	0.27197854385071446
4944.0	1	b	0.13121232174140837
4947.0	1	c	0.5515203721252899
4952.0	2	a	-0.06989499486631531
4953.0	1	a	0.4685402214005473
4954.0	1	c	0.006473617177090919
4956.0	4	b	0.19254841232383685
4957.0	2	b	-0.1694705288202437
4959.0	4	b	-0.3111959629335186
4963.0	2	b	0.12034102565866842
4966.0	4	c	-0.040534665450014336
4971.0	1	a	-0.12926538785406722
4979.0	2	c	-0.13396385827433704
4980.0	1	a	0.001805068521326326
4981.0	4	a	-0.1516452683248387
4983.0	4	a	0.41426203992246363
4985.0	2	c	0.08791221857911319
4993.0	4	b	-0.1481953339199686
4994.0	4	c	-0.06952321659270978
4995.0	2	b	-0.37887384066307395
4999.0	1	a	0.04749989713481918
5001.0	1	b	0.06117784007679516
5002.0	2	a	-0.12969621859753191
5003.0	4	c	-0.20158828541077065
5004.0	2	a	0.17304670562468058
5007.0	2	c	0.30325811411990716
5009.0	1	b	0.03266964737926542
5012.0	4	b	-0.07178154602050431
5020.0	2	a	-0.2616978008678855
5025.0	4	a	0.24569337004955608
5027.0	1	b	0.12881901251008696
5028.0	1	a	0.5772671074193102
5029.0	4	a	0.25598409451449755
5030.0	2	c	-0.1713726054801088
5034.0	1	b	0.3142972065702798
5035.0	2	c	0.15511623867769098
5036.0	2	c	0.22516863001190307
5038.0	2	c	0.3124632732639106
5041.0	1	a	-0.2171090905360824
5043.0	4	c	-0.1565609531780025
5045.0	2	b	-0.20366004550640654
5046.0	4	a	-0.0945487737877827
5048.0	2	b	-0.2897087422334046
5049.0	4	c	-0.22154018717351429
5052.0	2	a	0.19402239665476034
5054.0	2	c	-0.3229245345314526
5057.0	1	c	-0.2302719326590044
5058.0	2	c	0.6206073477366355
5059.0	2	a	0.034956428583795704
5060.0	4	b	-0.1794883339017941
5062.0	1	a	0.07018225273252848
5064.0	1	b	-0.21089456631414552
5067.0	1	b	0.27050187973127743
5068.0	1	c	0.1307308460178223
5070.0	4	a	0.2428572696780283
5072.0	2	a	0.3240883132115298
5074.0	1	c	0.3891413168677852
5077.0	1	a	-0.20907059704611233
5079.0	2	c	-0.19715090603650798
5080.0	2	c	1.1196448637856151
5082.0	2	a	-0.03482864162334859
5084.0	2	c	-0.02036966870428296
5085.0	4	a	-0.22893339710287078
5091.0	1	c	0.5141926773322678
5097.0	1	c	0.3201908679504592
5101.0	4	c	0.18411145590886147
5104.0	4	c	0.16050271458196844
5106.0	1	b	0.2573865333328772
5107.0	2	c	0.5414345594379114
5108.0	2	c	-0.11698709278473161
5109.0	1	a	0.38987078555392685
5110.0	4	a	0.15657925058487915
5111.0	1	c	0.07631454026215513
5112.0	2	a	-0.04661135954965558
5113.0	2	c	0.14526775596437824
5115.0	2	a	0.4554626351679094
5116.0	2	c	-0.021267128264840788
5117.0	4	b	0.19504530636492554
5118.0	2	a	-0.22280313466502838
5121.0	1	a	-0.19147424199904095
5122.0	2	c	-0.16735346863485054
5123.0	2	c	0.1211724464925101
5126.0	4	c	0.6248902837264401
5128.0	4	c	0.07082610861090488
5130.0	4	c	-0.2540155946520822
5133.0	4	c	-0.13327625566655887
5134.0	1	c	0.657001702580214
5135.0	2	c	0.05936030159088527
5139.0	2	c	-0.08365443037427495
5145.0	2	c	-0.2707636316168476
5147.0	1	a	-0.06360883404891306
5150.0	1	c	-0.08436317048866221
5151.0	2	a	-0.36007703432265287
5153.0	4	b	-0.24285682211881143
5155.0	4	a	-0.10520897747503181
5156.0	2	c	-0.24092081452868408
5167.0	4	c	0.622969861056627
5171.0	1	a	0.08906116471479751
5172.0	2	a	-0.008354828809256414
5173.0	4	c	-0.05372092808509907
5182.0	1	a	-0.029894708301632433
5186.0	4	c	-0.020790045399594146
5187.0	1	a	-0.16657424794259643
5188.0	1	c	0.010253828557151099
5190.0	1	b	0.07065052324967616
5191.0	4	c	0.008427662726428135
5193.0	1	a	0.79920479346974
5195.0	2	a	0.3949354572831643
5196.0	2	c	-0.14910526264631682
5200.0	2	c	-0.31990849984310665
5203.0	2	c	-0.11841385874735495
5210.0	2	b	0.03892703686624583
5211.0	2	c	0.08371520305536273
5212.0	4	b	-0.0912761759711595
5220.0	2	b	0.3257348684438717
5234.0	2	c	-0.07733087976458547
5236.0	1	c	-0.07112469116429536
5237.0	1	b	0.9299206880101606
5239.0	2	c	-0.12266712380495795
5240.0	4	a	0.13712685158628524
5244.0	4	c	0.1408007054851676
5254.0	2	a	-0.30247026078322525
5261.0	2	a	0.40837959314689054
5262.0	4	a	-0.24903932986896946
5265.0	4	c	-0.2030857286228354
5267.0	2	b	0.1800873253853048
5272.0	2	b	0.37621101958038394
5273.0	2	c	0.0023023813746766942
5280.0	4	b	0.24739361661313797
5283.0	1	c	0.0774280626218208
5285.0	2	b	-0.08346051913907544
5287.0	1	a	0.27768565521978744
5302.0	1	b	-0.4511918698430068
5303.0	1	c	0.8851879778191937
5307.0	1	a	1.0094350093973659
5308.0	1	c	0.2518453894733729
5310.0	2	b	0.16804029320582392
5315.0	1	c	0.015037540180269737
5325.0	2	a	0.13263957937784113
5327.0	2	c	0.44924625462510037
5328.0	4	b	-0.24929414775112946
5331.0	2	c	-0.15557997244979352
5333.0	4	a	-0.40708919512687775
5334.0	1	b	-0.07717774438015101
5340.0	1	c	0.3454231768182462
5341.0	1	c	-0.09018111848823271
5342.0	1	b	-0.17803530273757148
5353.0	2	b	1.7140486666281005
5354.0	1	a	0.7315802636439024
5355.0	2	b	-0.03734717413689033
5362.0	4	c	-0.09259166992297095
5368.0	4	c	-0.17737934618668988
5376.0	4	a	-0.07795026621398858
5378.0	1	b	-0.2935926005545212
5381.0	4	c	-0.0370168534576089
5383.0	4	c	0.5066945396540768
5388.0	4	c	-0.3687638095132466
5394.0	4	c	0.06301691195565742
5396.0	4	c	-0.12503153309931836
5398.0	4	c	-0.06110476323503864
5399.0	4	c	-0.02616162442888488
5402.0	4	c	0.3865520089893927
5405.0	4	c	-0.09250661925889668
5406.0	4	c	0.08230176273320709
5408.0	4	c	-0.22846962041513877
5409.0	4	c	-0.1624462263005033
5412.0	4	c	0.6512049559662856
5416.0	4	c	-0.12450266690296503
5418.0	4	c	-0.43359592537579505
5421.0	4	c	-0.17540431239089807
5423.0	4	c	-0.2872881109586458
5428.0	2	c	0.05166126725404411
5430.0	4	c	0.16816333993952376
5433.0	4	a	-0.22837049124327458
5438.0	4	c	-0.05736583209557308
5439.0	1	c	-0.1500076928981348
5441.0	4	b	-0.09878587768471402
5442.0	2	c	-0.1607020417485612
5443.0	4	c	-0.7687442803167942
5447.0	1	c	0.45630758094174906
5449.0	4	c	0.3128583734985519
5455.0	4	b	-0.11009781594844528
5459.0	2	c	0.04682249981722205
5465.0	2	c	-0.1848089000077088
5467.0	1	b	-0.2288386385973835
5468.0	1	c	0.47991213430481283
5470.0	4	a	-0.2817263531387069
5472.0	4	a	0.0025674756178567792
5473.0	1	c	0.005775824032700576
5475.0	4	a	-0.16152699438148976
5476.0	4	b	-0.2910120156005845
5481.0	4	b	-0.18558612639998007
5483.0	2	b	-0.09689111714879475
5484.0	4	b	-0.2905977629117129
5485.0	4	c	-0.19972687233311312
5487.0	2	c	0.2947620885040818
5489.0	4	c	-0.19532795210472176
5490.0	4	c	-0.3771374096015011
5493.0	4	b	0.34322784491830866
5494.0	1	b	-0.04620923779606207
5495.0	4	b	-0.0005331327821189204
5497.0	1	c	-0.22214590270632817
5501.0	4	a	0.21204178345268904
5515.0	2	b	-0.28049504914474366
5518.0	4	b	-0.17933435062437647
5522.0	2	c	0.40589421507469436
5524.0	4	a	1.500011517170055
5529.0	4	c	0.15741400477311848
5530.0	1	c	0.33696431633766816
5534.0	4	b	-0.3857950329290185
5535.0	4	c	0.8207583314000679
5546.0	4	b	-0.19173836932709215
5547.0	4	b	-0.25582548376873443
5551.0	4	b	-0.35073340091519795
5552.0	1	c	-0.32167041142837904
5553.0	4	c	0.24917809626135096
5557.0	1	c	0.5338921459094235
5558.0	1	c	-0.09897362302673805
5559.0	1	c	0.3189901866626988
5562.0	1	c	-0.07371466702613019
5568.0	2	c	-0.49399116995887926
5570.0	2	c	0.529711332119537
5573.0	4	b	-0.3583696891811238
5574.0	4	b	0.07861037170855505
5578.0	1	a	0.1366347154191338
5583.0	2	b	-0.6063904721164791
5593.0	1	a	-0.07603877954497813
5594.0	2	c	-0.17854437279563007
5596.0	1	a	0.5835526530306354
5597.0	2	a	0.04545708501532714
5599.0	1	b	0.3140372745205452
5608.0	2	a	0.049850595457198055
5613.0	2	a	-0.09025765464179207
5618.0	1	b	0.16135847838413828
5625.0	1	a	0.5018118052625823
5627.0	1	a	0.10593485831917439
5629.0	2	a	-0.14353206563560889
5631.0	1	a	-0.5761862885933863
5633.0	1	b	-0.00910030820566733
5643.0	1	b	0.061982204871610026
5650.0	1	a	-0.17295635364488923
5653.0	2	b	-0.037747228963061194
5654.0	2	a	-0.0340233351026302
5656.0	1	a	0.1239565794767902
5661.0	1	a	-0.24456096245553718
5662.0	1	a	-0.1846820289174081
5664.0	1	b	-0.19223084114374897
5666.0	1	a	-0.047317233211226085
5668.0	2	b	-0.23380425550086942
5669.0	1	b	-0.506573983944485
5673.0	2	b	-0.4524519089110676
5675.0	1	b	0.14118305582000015
5676.0	2	a	0.08029488410466834
5677.0	2	c	-0.11861876062650646
5680.0	2	a	0.2599719154150092
5681.0	1	b	-0.5994872434239333
5684.0	2	a	-0.06992939661205567
5693.0	2	a	-0.26157912858914795
5694.0	1	a	0.570975841973322
5696.0	2	a	-0.009704235151011934
5697.0	2	a	0.10344904983651473
5701.0	2	a	-0.3003333070667478
5702.0	1	b	0.7009436093588619
5706.0	1	a	-0.16959931649927443
5718.0	1	a	0.7036500578509401
5722.0	1	b	-0.3355161135716136
5723.0	2	a	-0.1748880735408287
5724.0	1	b	-0.05900972499242977
5725.0	2	a	0.11703072591830237
5733.0	2	a	-0.1114486294950927
5735.0	2	b	-0.42844383444568
5736.0	2	a	0.34717802496096234
5742.0	1	a	-0.09851584311956561
5746.0	1	a	0.11696623084409195
5753.0	1	a	0.5645203162439307
5754.0	1	b	0.4777572126630579
5755.0	2	a	-0.5445586898324406
5760.0	1	b	0.08337603010329797
5762.0	1	a	0.5133017774365789
5763.0	4	a	-0.31559371145836185
5764.0	1	a	0.4188526356374215
5768.0	1	b	-0.3540151111536474
5770.0	1	a	-0.26329181191860573
5771.0	2	b	-0.19740688717254065
5776.0	2	b	-0.11949472759769553
5781.0	2	a	0.08180218091514409
5787.0	2	a	0.3358158508085543
5796.0	2	b	0.3871887849542852
5797.0	1	a	-0.502263193808598
5803.0	2	a	0.731546744812434
5806.0	4	a	0.26549817366516526
5808.0	1	b	0.1648539448064797
5811.0	4	c	0.0874639223695071
5812.0	2	b	-0.3610517746214322
5817.0	1	b	-0.21311534261024037
5830.0	1	a	0.5661412053423618
5836.0	4	b	0.3874783983642701
5839.0	2	c	-0.33542263927992216
5843.0	2	c	0.18104264913811438
5844.0	4	c	0.02138951318086065
5848.0	1	b	1.1802845655185896
5849.0	2	c	0.15568284803590762
5851.0	4	c	-0.47130007342214314
5852.0	4	b	0.6739670625816634
5853.0	1	c	-0.4781305876483199
5856.0	4	a	-0.568458793352931
5864.0	4	b	-0.24968772199973488
5867.0	4	c	-0.29255357638081975
5869.0	4	c	0.03427150143632533
5870.0	4	b	-0.8183506274143963
5871.0	4	b	-0.3420980127466249
5878.0	4	c	-0.08597722761306459
5882.0	4	b	-0.47678366333567956
5884.0	4	c	1.055240823983591
5888.0	1	b	0.433827015901332
5890.0	4	c	-0.08871617874929169
5896.0	2	c	-0.29411842299183666
5897.0	2	c	-0.2983752504842957
5898.0	4	c	0.2879090829454934
5901.0	1	c	0.49330223006790774
5903.0	4	b	-0.3978834444690322
5907.0	4	c	0.3031212777537215
5908.0	2	c	-0.1411909289328796
5915.0	4	a	0.4616869656813111
5918.0	2	c	-0.026848793373031195
5921.0	1	c	0.23406790989929
5924.0	1	c	-0.03855235767223367
5927.0	4	b	-0.13844399806475258
5928.0	1	b	1.1357465965289943
5929.0	4	c	-0.2493516613523835
